,名前,,Created day,作者（敬称略）,コメント,モデル,ID,リンク,パフォーマンス（PC,,,,,,,,
1,マンボーマン,,Jul 02 2023,カヤ（kaya）,,マンボウ,avtr_b6f0decb-7f4e-40d0-bd4b-f70972774667,https://vrchat.com/home/avatar/avtr_b6f0decb-7f4e-40d0-bd4b-f70972774667,medium,,,,,,,,
2,マカジキ,,Aug 17 2023,nanaminami,kk,マカジキ,avtr_9b509377-8b96-4719-987b-c5c03e5c1957,https://vrchat.com/home/avatar/avtr_9b509377-8b96-4719-987b-c5c03e5c1957,good,,,,,,,,
3,海のギャング,,May 26 2023,賽ノ目ヤブ子,,ウツボ,avtr_e9e1962e-f982-4452-bd8c-ad3eedd4a1c3,https://vrchat.com/home/avatar/avtr_e9e1962e-f982-4452-bd8c-ad3eedd4a1c3,medium,,,,,,,,
4,namazuuman,,May 29 2023,long-potato,,ナマズ,avtr_95a95b4d-1fa1-4702-b26a-b7402542761e,https://vrchat.com/home/avatar/avtr_95a95b4d-1fa1-4702-b26a-b7402542761e,good,,,,,,,,
5,AMAGOMAN2,,May 31 2023,zhoney666,アマゴマンが新しくなって帰ってきた！プルプル動く不思議な生き物！刮目せよ！！！,アマゴ,avtr_73ae12f4-806d-415f-a2e4-e2541197276f,https://vrchat.com/home/avatar/avtr_73ae12f4-806d-415f-a2e4-e2541197276f,good,,,,,,,,
6,まはぜまん,,Jun 04 2023,sanaga,,マハゼ,avtr_5ad4e5c7-0240-4b08-9a5e-01c75469d7cf,https://vrchat.com/home/avatar/avtr_5ad4e5c7-0240-4b08-9a5e-01c75469d7cf,medium,,,,,,,,
7,ニジマスマン,,Jun 10 2023,nekononomicon,ニジマスマンは、ご覧のモデルをベースにお送りしています。 ∗∗∗ ＂Low poly rainbow trout （Oncorhynchus mykiss）＂ （https˸⁄⁄skfb․ly⁄otsOv） by Natural History Museum of Los Angeles County is licensed under CC Attribution-NonCommercial-ShareAlike （http˸⁄⁄creativecommons․org⁄licenses⁄by-nc-sa⁄4․0⁄）․ ∗∗∗ 【無料】【3Dモデル】マンボーマン【VRChat対応】 ｜ カヤのおみせ https˸⁄⁄kaya-upaco․booth․pm⁄items⁄4286364 ＃booth_pm,ニジマス,avtr_99d38412-0b09-441c-b65f-da7a4c8d92e8,https://vrchat.com/home/avatar/avtr_99d38412-0b09-441c-b65f-da7a4c8d92e8,good,,,,,,,,
8,タツノお年頃,,Jun 12 2023,polf,,タツノオトシゴ,avtr_5117d37a-e78d-476a-8a66-5b63b9386f2c,https://vrchat.com/home/avatar/avtr_5117d37a-e78d-476a-8a66-5b63b9386f2c,excellent,,,,,,,,
9,subesubemuscleTest2,,Jun 18 2023,破天荒解,,スベスベマンジュウガニ,avtr_6ee0475e-b1c8-442f-bae5-109aef3b1cae,https://vrchat.com/home/avatar/avtr_6ee0475e-b1c8-442f-bae5-109aef3b1cae,excellent,,,,,,,,
10,ブリマン,,Jun 20 2023,Fuganbya,bubi （fish model by nemutai uni）,ブリ,avtr_e9ce72b3-9ca6-4076-8c00-a8c2b8d592ba,https://vrchat.com/home/avatar/avtr_e9ce72b3-9ca6-4076-8c00-a8c2b8d592ba,medium,,,,,,,,
11,マンタヘッド,,Jun 20 2023,teramo,まんたにこばん,マンタ,avtr_298392bf-155e-4195-bc25-68a0ca9cb929,https://vrchat.com/home/avatar/avtr_298392bf-155e-4195-bc25-68a0ca9cb929,poor,,,,,,,,
12,ミノカサゴマン V1․03,,Jun 24 2023,AoNeco 青猫,近海有毒連合初代総長 ミノカサゴマン,ミノカサゴ,avtr_c835cf21-bd2a-4393-b193-31107023d6f7,https://vrchat.com/home/avatar/avtr_c835cf21-bd2a-4393-b193-31107023d6f7,good,,,,,,,,
13,イトウさん,,Jun 27 2023,Kaiiiiiiiii,,イトウ,avtr_3f06fd08-5428-46de-97cb-e1adc8b384b6,https://vrchat.com/home/avatar/avtr_3f06fd08-5428-46de-97cb-e1adc8b384b6,medium,,,,,,,,
14,chin-anago man,,Jun 28 2023,long-potato,,チンアナゴ,avtr_0f206557-74a5-4cee-920b-b756dd4998b5,https://vrchat.com/home/avatar/avtr_0f206557-74a5-4cee-920b-b756dd4998b5,good,,,,,,,,
15,ハコフグくん V1․00,,Jun 30 2023,AoNeco 青猫,,ハコフグ,avtr_3d91a001-4197-4528-99d0-50e357a40563,https://vrchat.com/home/avatar/avtr_3d91a001-4197-4528-99d0-50e357a40563,good,,,,,,,,
16,ギンザメマン,,Jun 30 2023,kabocha_,,Smallspine spookfish,avtr_7b37e6e0-e077-4c95-9af0-1bfee34b10e5,https://vrchat.com/home/avatar/avtr_7b37e6e0-e077-4c95-9af0-1bfee34b10e5,poor,,,,,,,,
17,jellyfish,,Jun 30 2023,kuguro,,クラゲ,avtr_638aa16b-34dc-4957-b3ae-ccbfe184d17f,https://vrchat.com/home/avatar/avtr_638aa16b-34dc-4957-b3ae-ccbfe184d17f,medium,,,,,,,,
18,カワテブクロマン,,Jul 01 2023,miyako_jp,,カワテブクロ,avtr_87791844-a026-40da-9af6-97af9cca771a,https://vrchat.com/home/avatar/avtr_87791844-a026-40da-9af6-97af9cca771a,medium,,,,,,,,
19,Akaei man,,Jul 01 2023,Ryo_Sasakure,Man of Stingray,アカエイ,avtr_d49d46dd-1890-4baf-8607-130c090818ef,https://vrchat.com/home/avatar/avtr_d49d46dd-1890-4baf-8607-130c090818ef,excellent,,,,,,,,
20,ニゴロブナマン,,Jul 01 2023,Whataman,,ニゴロブナ,avtr_3d19e25e-0138-4dcd-8fc4-df93ce86f112,https://vrchat.com/home/avatar/avtr_3d19e25e-0138-4dcd-8fc4-df93ce86f112,good,,,,,,,,
21,いくらヘッド,,Jul 01 2023,よちよたち,,イクラ,avtr_f2f74813-df5f-40ac-b735-4034e9f8f2a4,https://vrchat.com/home/avatar/avtr_f2f74813-df5f-40ac-b735-4034e9f8f2a4,excellent,,,,,,,,
22,ジンベイザメ兄貴,,Jul 02 2023,Kaiiiiiiiii,,ジンベエザメ,avtr_12090fdf-ae70-4d3d-b771-9dcfc9a083a4,https://vrchat.com/home/avatar/avtr_12090fdf-ae70-4d3d-b771-9dcfc9a083a4,very poor,,,,,,,,
23,サカバンバスピス,,Jul 02 2023,kodoresu（コードレス）,,サカバンバスピス,avtr_04542e63-17f2-4b89-b39a-70cf447c90ab,https://vrchat.com/home/avatar/avtr_04542e63-17f2-4b89-b39a-70cf447c90ab,medium,,,,,,,,
24,キャビアヘッド,,Jul 02 2023,よちよたち,キャビアみたことない,キャビア,avtr_d2f96ca1-25df-40f7-a5dc-e050f37f3176,https://vrchat.com/home/avatar/avtr_d2f96ca1-25df-40f7-a5dc-e050f37f3176,excellent,,,,,,,,
25,ウーパールーパーマン2․1,,Jul 02 2023,らど⁄rado1031,フィッシュヘッド・マルチバースのひとつ『ウーパールーパーマン』より参戦。 かつてはフィッシュヘッド神から授けられた神器＂オパビニア剣＂や＂マンボーガン＂を駆使して海洋汚染をたくらむ悪の組織『スカイバード』との激戦を繰り広げていたが、現在はその記憶を失っている。,ウーパールーパー,avtr_af9e3d0e-e50d-488f-8bbc-cbd6b851b782,https://vrchat.com/home/avatar/avtr_af9e3d0e-e50d-488f-8bbc-cbd6b851b782,poor,,,,,,,,
26,金魚ヘッドちゃん,,Jul 07 2023,AoNeco 青猫,,金魚,avtr_3f6beabd-4f73-4f2d-9872-af8e2925588a,https://vrchat.com/home/avatar/avtr_3f6beabd-4f73-4f2d-9872-af8e2925588a,poor,,,,,,,,
27,DANGOwoman,,Jul 08 2023,こららこ,,ダンゴウオ,avtr_1857b998-3b81-4a79-9236-94f08b0bfd0a,https://vrchat.com/home/avatar/avtr_1857b998-3b81-4a79-9236-94f08b0bfd0a,good,,,,,,,,
28,タテジマ金チャクマン,,Jul 10 2023,＂K＂ ちゃん,,タテジマキンチャク,avtr_f355cfdb-a19e-40d0-98b3-974432e32bde,https://vrchat.com/home/avatar/avtr_f355cfdb-a19e-40d0-98b3-974432e32bde,good,,,,,,,,
29,KATUOMAN,,Jul 10 2023,zhoney666,みんな大好きカツオマン！本気を出せばめっちゃ早いぞ！,カツオ,avtr_5a8eb9db-b8a2-42f4-8e2f-db63ca83e2db,https://vrchat.com/home/avatar/avtr_5a8eb9db-b8a2-42f4-8e2f-db63ca83e2db,good,,,,,,,,
30,NapoleonHorse,,Jul 23 2023,Kaiiiiiiiii,ナポレオン82世,ナポレオンフィッシュ,avtr_20946610-aa1e-41dc-aa8b-64cc451ecd44,https://vrchat.com/home/avatar/avtr_20946610-aa1e-41dc-aa8b-64cc451ecd44,medium,,,,,,,,
31,マソボーマソ（令和最新版）,,Jul 23 2023,long-potato,於通訊に使用する高品質のさりげなく魚頭化身、高評価のスクリーンショットを送付することもう1つ製品送付に繋げます。,マンボウ,avtr_74609832-0c2c-4939-99ea-6fed18d5578b,https://vrchat.com/home/avatar/avtr_74609832-0c2c-4939-99ea-6fed18d5578b,good,,,,,,,,
32,ゴンズイ玉マン,,Jul 23 2023,polf,,ゴンズイ,avtr_043347bb-db7e-4e7a-87e5-a97393f1ec6f,https://vrchat.com/home/avatar/avtr_043347bb-db7e-4e7a-87e5-a97393f1ec6f,very poor,,,,,,,,
33,OPABINIAMAN,,Jul 27 2023,zhoney666,,オパビニア,avtr_08dbb43f-247c-4810-8983-0a18aab18090,https://vrchat.com/home/avatar/avtr_08dbb43f-247c-4810-8983-0a18aab18090,good,,,,,,,,
34,琉金マン,,Jul 29 2023,kabocha_,,琉金（金魚）,avtr_64dd74d6-4da9-47f1-af06-d5b8629e1cfe,https://vrchat.com/home/avatar/avtr_64dd74d6-4da9-47f1-af06-d5b8629e1cfe,poor,,,,,,,,
35,眼張様,,Jul 29 2023,Kaiiiiiiiii,邪神。崇め奉れ。,眼張,avtr_88d83488-790a-403c-b135-15fd9106e027,https://vrchat.com/home/avatar/avtr_88d83488-790a-403c-b135-15fd9106e027,very poor,,,,,,,,
36,conodontman,,Jul 29 2023,カヤ（kaya）,,コノドント,avtr_561e3363-5792-43f8-a47a-3d3c27b4b89a,https://vrchat.com/home/avatar/avtr_561e3363-5792-43f8-a47a-3d3c27b4b89a,good,,,,,,,,
37,PirarukuMan2,,Jul 29 2023,はてはて,,ピラルク,avtr_906679a9-672e-48bf-94fd-3cff9ed2dc56,https://vrchat.com/home/avatar/avtr_906679a9-672e-48bf-94fd-3cff9ed2dc56,good,,,,,,,,
38,KATUOGHOST,,Aug 05 2023,zhoney666,時は江戸時代。とある漁師との戦いに敗れたカツオヘッドマンが、お盆シーズンに帰ってきた！「さがせ！この世のどこかに隠してきた！」世はまさに大フィッシュヘッド時代へと突入した！,カツオ,avtr_5e9528f0-ee47-469a-a428-b9493a596674,https://vrchat.com/home/avatar/avtr_5e9528f0-ee47-469a-a428-b9493a596674,medium,,,,,,,,
39,モンゴウイカマンV1․02,,Aug 12 2023,AoNeco 青猫,,モンゴウイカ,avtr_b22c29cf-3afb-4507-98da-572f6b75afd2,https://vrchat.com/home/avatar/avtr_b22c29cf-3afb-4507-98da-572f6b75afd2,good,,,,,,,,
40,シーラカンスヘッド,,Aug 12 2023,Kaiiiiiiiii,シーラカンスって「中空の脊柱」って意味なんだって。背骨が無いらしい。,シーラカンス,avtr_a2bc5723-bb0a-42aa-a9b3-0ce13fe05fbf,https://vrchat.com/home/avatar/avtr_a2bc5723-bb0a-42aa-a9b3-0ce13fe05fbf,medium,,,,,,,,
41,真鯛君,,Aug 12 2023,Kaiiiiiiiii,めでてぇてぇ。,マダイ、タイノエ,avtr_8ec4dac5-0b2a-43d3-9378-20b5bff4888f,https://vrchat.com/home/avatar/avtr_8ec4dac5-0b2a-43d3-9378-20b5bff4888f,medium,,,,,,,,
42,ホウボウマン,,Aug 13 2023,polf,,ホウボウ,avtr_61be41ac-d90a-46c3-a397-bd0a881d0c2c,https://vrchat.com/home/avatar/avtr_61be41ac-d90a-46c3-a397-bd0a881d0c2c,good,,,,,,,,
43,闇金ちゃんV1․02,,Aug 14 2023,AoNeco 青猫,闇の串焼き使い 人を呪えば穴２つ、魚を呪えば串二本、一遍焼かれてみる？,金魚,avtr_7496bf07-d1c8-4a75-8e4b-0f560101f5f1,https://vrchat.com/home/avatar/avtr_7496bf07-d1c8-4a75-8e4b-0f560101f5f1,poor,,,,,,,,
44,盆魚！サバサンドマン,,Aug 14 2023,polf,,サバサンド,avtr_6fead5ff-4b24-4745-83cd-7d45f1f0303a,https://vrchat.com/home/avatar/avtr_6fead5ff-4b24-4745-83cd-7d45f1f0303a,good,,,,,,,,
45,テスト中！ホタルイカヘッド,,Aug 14 2023,teramo,おやすみ（ ˘ω˘ ）,ホタルイカ,avtr_c1cfff77-bfd3-4f80-950a-456742bb7edf,https://vrchat.com/home/avatar/avtr_c1cfff77-bfd3-4f80-950a-456742bb7edf,medium,,,,,,,,
46,メカマンボーマン,,Aug 14 2023,ふらっと（flat）,マンボーマンの骨格から作られた対フィッシュヘッド最終兵器、しかしフィッシュヘッド因子により暴走を起こしフィッシュヘッドとしての自我に目覚めてしまった,マンボウ,avtr_3385482f-7a64-430d-86d9-4f054c8a1804,https://vrchat.com/home/avatar/avtr_3385482f-7a64-430d-86d9-4f054c8a1804,medium,,,,,,,,
47,ナメクジウオマン,,Aug 14 2023,甘水あみ,あなたの祖先です,ナメクジウオ,avtr_ae6f1da7-0c21-483e-9a7a-dd3996732fff,https://vrchat.com/home/avatar/avtr_ae6f1da7-0c21-483e-9a7a-dd3996732fff,excellent,,,,,,,,
48,UmiushiiEclair,,Aug 16 2023,shirohato,,アオウミウシ,avtr_1959f330-012a-4a9f-8a5c-61e73b77688e,https://vrchat.com/home/avatar/avtr_1959f330-012a-4a9f-8a5c-61e73b77688e,very poor,,,,,,,,
49,Dusky Jawfish - FishHead,,Aug 16 2023,らぃむ（dimebag29）,Dusky Jawfish - FishHead,Dusky Jawfish,avtr_dc9e8bde-8789-4590-aebc-a85a33b8ec75,https://vrchat.com/home/avatar/avtr_dc9e8bde-8789-4590-aebc-a85a33b8ec75,very poor,,,,,,,,
50,mizu,,Aug 26 2023,スケルタル博士,,海,avtr_72e4b7c6-4f55-4c9e-a966-a01c4386329d,https://vrchat.com/home/avatar/avtr_72e4b7c6-4f55-4c9e-a966-a01c4386329d,good,,,,,,,,
51,イトマキエイヘッド,,Sep 03 2023,teramo,きをつけて！,イトマキエイ,avtr_36853175-af9f-4642-a22c-4f7de91fdacb,https://vrchat.com/home/avatar/avtr_36853175-af9f-4642-a22c-4f7de91fdacb,good,,,,,,,,
52,ウミホタルマン,,Sep 03 2023,甘水あみ,神奈川県と千葉県の間に住んでます,ウミホタル,avtr_a443c75c-b16d-4d24-a943-38cbac519d2c,https://vrchat.com/home/avatar/avtr_a443c75c-b16d-4d24-a943-38cbac519d2c,poor,,,,,,,,
53,フィッシュヘッドカレーマン,,Sep 17 2023,nekononomicon,フィッシュヘッドカレーは、インドと中国のエスニック料理を融合させたシンガポール料理です。真鯛の頭をオクラやナスなどの野菜と一緒にカレーで煮込みました。通常、ご飯やパンと一緒に、またはシェア料理として提供されます。この料理は1949 年にゴメス カリーというシンガポール料理レストランで初めて販売されました。【フリー百科事典ウィキペディアより】,フィッシュヘッドカレー,avtr_266ad89f-3098-4851-a6ac-4395ef69c531,https://vrchat.com/home/avatar/avtr_266ad89f-3098-4851-a6ac-4395ef69c531,good,,,,,,,,
54,人でマン,,Sep 18 2023,へいゆ１２３,ster fish マンボウを許すな,ヒトデ,avtr_78f99b6e-d55d-49ca-8bd5-c5dd513d6c1d,https://vrchat.com/home/avatar/avtr_78f99b6e-d55d-49ca-8bd5-c5dd513d6c1d,poor,,,,,,,,
55,元気のない真鯛君,,Sep 19 2023,Kaiiiiiiiii,taikun?,マダイ,avtr_9504f75f-ff53-4b82-82b6-116678ac4e23,https://vrchat.com/home/avatar/avtr_9504f75f-ff53-4b82-82b6-116678ac4e23,medium,,,,,,,,
56,SALMAN,,Sep 23 2023,Kaiiiiiiiii,Salom Man,サケ,avtr_ef7230ba-63d7-409b-9799-4151f714e2df,https://vrchat.com/home/avatar/avtr_ef7230ba-63d7-409b-9799-4151f714e2df,good,,,,,,,,
57,piranha man,,Sep 27 2023,Kaiiiiiiiii,,ピラニア,avtr_52178936-00e9-4fba-982a-b818b92e0447,https://vrchat.com/home/avatar/avtr_52178936-00e9-4fba-982a-b818b92e0447,very poor,,,,,,,,
58,skyfishhead,,Sep 27 2023,long-potato,,スカイフィッシュ,avtr_e1c6e50f-bf6e-4831-83a2-47275d4fdedf,https://vrchat.com/home/avatar/avtr_e1c6e50f-bf6e-4831-83a2-47275d4fdedf,good,,,,,,,,
59,恵比寿鯛マン,,Sep 30 2023,AoNeco 青猫,おめでたい恵比寿鯛マンで御座います。鯛が恵比寿を釣りまする。エビスダイ、ヨロイダイとも呼ばれまする。,鯛,avtr_a46deeb5-32d3-4888-bb2c-99edc89e217e,https://vrchat.com/home/avatar/avtr_a46deeb5-32d3-4888-bb2c-99edc89e217e,very poor,,,,,,,,
60,irokaeruankou_Normal,,Sep 30 2023,march-maru,irokaeruankou,イロカエルアンコウ,avtr_e93a8234-9a07-449a-a0d5-86a73fb43bbd,https://vrchat.com/home/avatar/avtr_e93a8234-9a07-449a-a0d5-86a73fb43bbd,medium,,,,,,,,
61,ｱﾝ干ﾞーﾏﾟﾉ,,Oct 01 2023,Fuganbya,save me,マンボウ,avtr_00f9cd72-adc4-435b-91de-f880d0785207,https://vrchat.com/home/avatar/avtr_00f9cd72-adc4-435b-91de-f880d0785207,good,,,,,,,,
62,ハオコゼマン,,Oct 01 2023,polf,,ハオコゼ,avtr_cd585959-83e2-465c-94b1-ced68c4fa77f,https://vrchat.com/home/avatar/avtr_cd585959-83e2-465c-94b1-ced68c4fa77f,good,,,,,,,,
63,ギガントキプリスマン,,Oct 01 2023,甘水あみ,SEGA,ギガントキプリス,avtr_5c309b18-8dce-4b1e-8bda-4947f31d3f9c,https://vrchat.com/home/avatar/avtr_5c309b18-8dce-4b1e-8bda-4947f31d3f9c,poor,,,,,,,,
64,ユメナマコマン,,Oct 01 2023,甘水あみ,お上品,ユメナマコ,avtr_b15d777a-7f2a-4ebf-a03f-472f4a97e96a,https://vrchat.com/home/avatar/avtr_b15d777a-7f2a-4ebf-a03f-472f4a97e96a,good,,,,,,,,
65,MiniZinbei,,Oct 03 2023,Kaiiiiiiiii,3832,ジンベエザメ,avtr_378fc021-1db5-4240-b061-9b5dda0d99b1,https://vrchat.com/home/avatar/avtr_378fc021-1db5-4240-b061-9b5dda0d99b1,good,,,,,,,,
66,CoelacanthMan2,,Oct 07 2023,Kaiiiiiiiii,いぬねこアーマー付き,シーラカンス,avtr_6c46dfbf-dc4f-4725-8053-05ef1cdb7ba4,https://vrchat.com/home/avatar/avtr_6c46dfbf-dc4f-4725-8053-05ef1cdb7ba4,medium,,,,,,,,
67,マダラトビエイﾏﾝ,,Oct 14 2023,teramo,！？,マダラトビエイ,avtr_8726f101-d4fd-450f-bd50-0bb5b80e1d2d,https://vrchat.com/home/avatar/avtr_8726f101-d4fd-450f-bd50-0bb5b80e1d2d,medium,,,,,,,,
68,PangasiusMan,,Oct 19 2023,long-potato,,メコンオオナマズ,avtr_94ba4b10-ecee-4738-981c-19b4f0c80a51,https://vrchat.com/home/avatar/avtr_94ba4b10-ecee-4738-981c-19b4f0c80a51,excellent,,,,,,,,
69,ニジマスマン（ハロウィンのすがた）,,Oct 29 2023,nekononomicon,,ニジマス,avtr_ba566d0c-57a3-4a15-aa3f-460e05254d37,https://vrchat.com/home/avatar/avtr_ba566d0c-57a3-4a15-aa3f-460e05254d37,medium,,,,,,,,
70,ムツゴロウさん,,Oct 31 2023,Kaiiiiiiiii,,ムツゴロウ,avtr_53237b0c-4477-492f-b6a8-bc31cbaf6920,https://vrchat.com/home/avatar/avtr_53237b0c-4477-492f-b6a8-bc31cbaf6920,good,,,,,,,,
71,ManbowAkyo,,Oct 31 2023,long-potato,ﾌｨｯｼｭﾍｯﾄﾞ,マンボウ,avtr_1063161d-4535-4896-b797-0f5ba63042b8,https://vrchat.com/home/avatar/avtr_1063161d-4535-4896-b797-0f5ba63042b8,excellent,,,,,,,,
72,ワラスボマン,,Oct 31 2023,polf,,ワラスボ,avtr_53f2287d-e159-4617-a47c-88e3fc54d1ca,https://vrchat.com/home/avatar/avtr_53f2287d-e159-4617-a47c-88e3fc54d1ca,good,,,,,,,,
73,tako,,Oct 31 2023,zousanさん,,タコ,avtr_a08c0356-9f2d-4065-8e50-807f8af03dec,https://vrchat.com/home/avatar/avtr_a08c0356-9f2d-4065-8e50-807f8af03dec,very poor,,,,,,,,
74,ManbowZOKU,,Nov 04 2023,zhoney666,,マンボウ,avtr_8b1a68f4-b941-4cce-a346-b0537ee204e5,https://vrchat.com/home/avatar/avtr_8b1a68f4-b941-4cce-a346-b0537ee204e5,good,,,,,,,,
75,usibanatobiei,,Nov 05 2023,Kaiiiiiiiii,,ウシバナトビイ,avtr_7bb93386-e562-4c59-bc30-83cfa5e7ce15,https://vrchat.com/home/avatar/avtr_7bb93386-e562-4c59-bc30-83cfa5e7ce15,good,,,,,,,,
76,カクレクマノミマン,,Nov 05 2023,polf,,カクレクマノミ,avtr_f2b3458d-ec13-4412-81ec-c9c5e12498c4,https://vrchat.com/home/avatar/avtr_f2b3458d-ec13-4412-81ec-c9c5e12498c4,good,,,,,,,,
77,シヲ招キ頭,,Nov 05 2023,teramo,か,シオマネキ,avtr_3088d8b0-dd1d-440d-9e0c-6e0c2220ebf6,https://vrchat.com/home/avatar/avtr_3088d8b0-dd1d-440d-9e0c-6e0c2220ebf6,good,,,,,,,,
78,NEOKERA_Public_yotei,,Nov 07 2023,march-maru,chousei-chu,ネオケラ,avtr_3ffe721a-c67a-44b8-86f4-3fe620515689,https://vrchat.com/home/avatar/avtr_3ffe721a-c67a-44b8-86f4-3fe620515689,good,,,,,,,,
79,MeganeManbow,,Nov 15 2023,zhoney666,,マンボウ,avtr_3b40c2e4-c746-4179-8423-72d34c8c249d,https://vrchat.com/home/avatar/avtr_3b40c2e4-c746-4179-8423-72d34c8c249d,medium,,,,,,,,
80,Puffer Boy,,Nov 21 2020,YOSHIYUKI_DAIKON,,フグ,avtr_47972daf-12a3-496b-ab2a-2c635fd2f2ae,https://vrchat.com/home/avatar/avtr_47972daf-12a3-496b-ab2a-2c635fd2f2ae,excellent,,,,,,,,
81,ヤツメウナギマン,,Nov 23 2023,AoNeco 青猫,火の７日間を戦いしヤツメウナギマン。口からビームですべてを薙ぎ払う。（ごめんなさい、口からビームはPCのみです。Questでは使えません）,ヤツメウナギ,avtr_f71b77ec-d280-4313-ae30-a20ea9a7d7df,https://vrchat.com/home/avatar/avtr_f71b77ec-d280-4313-ae30-a20ea9a7d7df,medium,,,,,,,,
82,リュウグウノツカイヘッド,,Nov 25 2023,long-potato,,リュウグウノツカイ,avtr_4aa22b96-3669-4324-9adb-5ddeeadc29a3,https://vrchat.com/home/avatar/avtr_4aa22b96-3669-4324-9adb-5ddeeadc29a3,good,,,,,,,,
83,マナガツオマン,,Nov 25 2023,polf,,マナガツオ,avtr_bc8ceaeb-0d2e-44d6-b747-7a22271f5901,https://vrchat.com/home/avatar/avtr_bc8ceaeb-0d2e-44d6-b747-7a22271f5901,good,,,,,,,,
84,DORADO,,Nov 26 2023,Kaiiiiiiiii,aaaaaaaaaaaaaaaa,ドラド,avtr_56f806e1-5e70-4654-aebd-5046ed655113,https://vrchat.com/home/avatar/avtr_56f806e1-5e70-4654-aebd-5046ed655113,good,,,,,,,,
85,コハダマン,,Nov 26 2023,polf,,コハダ,avtr_0181034f-0c30-487a-8bfe-f0947ec5df6f,https://vrchat.com/home/avatar/avtr_0181034f-0c30-487a-8bfe-f0947ec5df6f,good,,,,,,,,
86,ハナミノカサゴマン（全年齢版）,,Nov 27 2023,Kaiiiiiiiii,パンツ履いてるのでどこでも行けます。,ハナミノカサゴ,avtr_196bc047-0e2d-42e4-89e5-b337fda23ddd,https://vrchat.com/home/avatar/avtr_196bc047-0e2d-42e4-89e5-b337fda23ddd,good,,,,,,,,
87,FISHHEAD（Betta splendens）,,Dec 01 2023,Chitose（ちとせ）,请叫我暹罗斗鱼大姐,ベタ,avtr_e879653d-9042-4172-9869-015ca66b1af6,https://vrchat.com/home/avatar/avtr_e879653d-9042-4172-9869-015ca66b1af6,poor,,,,,,,,
88,蝦蛄ヘッド,,Dec 03 2023,Kaiiiiiiiii,,シャコ,avtr_5d93b833-8025-41a5-ae90-acc8d0701076,https://vrchat.com/home/avatar/avtr_5d93b833-8025-41a5-ae90-acc8d0701076,poor,,,,,,,,
89,カガミダイマン,,Dec 05 2023,polf,,カガミダイ,avtr_3921ef8c-cd40-43a9-b45c-b3c7d4c04412,https://vrchat.com/home/avatar/avtr_3921ef8c-cd40-43a9-b45c-b3c7d4c04412,good,,,,,,,,
90,カツオライダー,,Dec 05 2023,polf,族長から頂いたカツオマンは悪の改変組織に送られ魔改変されてしまった！そのあとなんやかんやあって正義の心に目覚め、悪の組織と戦うカツオライダーが誕生したのである！！のである！！,カツオ,avtr_f0aacb16-028b-4d28-8ee7-32832ba2bc28,https://vrchat.com/home/avatar/avtr_f0aacb16-028b-4d28-8ee7-32832ba2bc28,medium,,,,,,,,
91,巫女金魚ヘッドちゃん,,Dec 09 2023,AoNeco 青猫,,金魚,avtr_aaee8148-eb52-40ae-8cd3-3adfb79060f3,https://vrchat.com/home/avatar/avtr_aaee8148-eb52-40ae-8cd3-3adfb79060f3,good,,,,,,,,
92,エンドリケリーマン,,Dec 10 2023,Kaiiiiiiiii,株式会社ポリプテルス 代表取締役 遠藤ケリー （14）,エンドリケリー,avtr_76bc8c33-372b-4c48-be8b-e746d8a8c0fd,https://vrchat.com/home/avatar/avtr_76bc8c33-372b-4c48-be8b-e746d8a8c0fd,good,,,,,,,,
93,疑似餌ヘッド,,Dec 10 2023,long-potato,,疑似餌,avtr_d56b0b47-5c7d-4c96-ae72-54f59795eb80,https://vrchat.com/home/avatar/avtr_d56b0b47-5c7d-4c96-ae72-54f59795eb80,good,,,,,,,,
94,マンタマン,,Dec 10 2023,teramo,ｼﾞｰ,マンタ,avtr_e93c4418-0486-4860-802f-443e21d4cba5,https://vrchat.com/home/avatar/avtr_e93c4418-0486-4860-802f-443e21d4cba5,poor,,,,,,,,
95,さだはる（フナ）,,Dec 10 2023,dekadan,昨年二月に行方不明になったフナの首、さだはる。このアバターは、電子の海を泳ぐ彼の墓標であり、英雄的偉業を称える碑である。 実際の遺影 https˸⁄⁄x․com⁄hhSRyYXvIZw0bPj⁄status⁄1733544176569233460?s＝20,フナ,avtr_3588fd49-785e-4593-92a9-1404ab11823b,https://vrchat.com/home/avatar/avtr_3588fd49-785e-4593-92a9-1404ab11823b,very poor,,,,,,,,
96,AmadaiMan,,Dec 10 2023,ふらっと（flat）,,アマダイ,avtr_6a9f6697-8ec9-486b-8364-67b36f4d60c0,https://vrchat.com/home/avatar/avtr_6a9f6697-8ec9-486b-8364-67b36f4d60c0,poor,,,,,,,,
97,センジュナマコマン,,Dec 10 2023,甘水あみ,お転婆,センジュナマコ,avtr_145a6758-4bea-4c02-8c4f-5fdd581630a6,https://vrchat.com/home/avatar/avtr_145a6758-4bea-4c02-8c4f-5fdd581630a6,excellent,,,,,,,,
98,HシャークH,,Dec 10 2023,雪の中-yukinaka-,,ハンマーヘッドシャーク,avtr_3a1ca503-68f7-40b9-bfbb-b9005bed1036,https://vrchat.com/home/avatar/avtr_3a1ca503-68f7-40b9-bfbb-b9005bed1036,excellent,,,,,,,,
99,アオミノウミウシヘッドロイド,,Dec 11 2023,ジョン骨宮,,アオミノウミウシ,avtr_fceca77b-588e-4475-bef3-7cf3087a1275,https://vrchat.com/home/avatar/avtr_fceca77b-588e-4475-bef3-7cf3087a1275,medium,,,,,,,,
100,Wiwaxia_Man,,Dec 12 2023,Soluna（ソルナ）,,ウィワクシア,avtr_23afdb2f-621f-4fc6-a77e-8e68645d5d33,https://vrchat.com/home/avatar/avtr_23afdb2f-621f-4fc6-a77e-8e68645d5d33,good,,,,,,,,
101,賑やかイワシブラザーズ,,Dec 14 2023,スケルタル博士,,イワシ,avtr_f97a43c8-9eb3-4419-90a4-f83883d0ba83,https://vrchat.com/home/avatar/avtr_f97a43c8-9eb3-4419-90a4-f83883d0ba83,very poor,,,,,,,,
102,ニジXマスマン,,Dec 26 2023,nekononomicon,ニジマスマンは、ご覧のモデルをベースにお送りしています。 ∗∗∗ ＂Low poly rainbow trout （Oncorhynchus mykiss）＂ （https˸⁄⁄skfb․ly⁄otsOv） by Natural History Museum of Los Angeles County is licensed under CC Attribution-NonCommercial-ShareAlike （http˸⁄⁄creativecommons․org⁄licenses⁄by-nc-sa⁄4․0⁄）․ ∗∗∗ 【無料】【3Dモデル】マンボーマン【VRChat対応】 ｜ カヤのおみせ https˸⁄⁄kaya-upaco․booth․pm⁄items⁄4286364 ＃booth_pm,ニジマス,avtr_42e4adad-6e90-4322-97eb-3674672dc72b,https://vrchat.com/home/avatar/avtr_42e4adad-6e90-4322-97eb-3674672dc72b,medium,,,,,,,,
103,クリスマスアンコウ,,Dec 26 2023,polf,,アンコウ,avtr_a2b4d03f-96c0-444c-985f-56e5611a0f27,https://vrchat.com/home/avatar/avtr_a2b4d03f-96c0-444c-985f-56e5611a0f27,good,,,,,,,,
104,マンボー巫女,,Dec 28 2023,AoNeco 青猫,マンボーマンのボディを巫女にしてみました,マンボウ,avtr_70e92294-7d97-4f15-998e-c8db5680cf3f,https://vrchat.com/home/avatar/avtr_70e92294-7d97-4f15-998e-c8db5680cf3f,medium,,,,,,,,
105,manbo_man_party,,Dec 28 2023,SpankDatDangle,,マンボウ,avtr_41fd71a4-67b4-4d0b-a805-b3834f77eaa8,https://vrchat.com/home/avatar/avtr_41fd71a4-67b4-4d0b-a805-b3834f77eaa8,poor,,,,,,,,
106,選択,,Dec 28 2023,カヤ（kaya）,,マンボウ,avtr_65179db5-f23b-4a66-bf69-b514df9587a1,https://vrchat.com/home/avatar/avtr_65179db5-f23b-4a66-bf69-b514df9587a1,medium,,,,,,,,
107,SAWARACHAN,,Dec 30 2023,zhoney666,,サワラ,avtr_81808cad-508d-474f-a091-607590a47a2b,https://vrchat.com/home/avatar/avtr_81808cad-508d-474f-a091-607590a47a2b,good,,,,,,,,
108,RED,,Jan 11 2024,Kaiiiiiiiii,RED,レッドテールキャットフィッシュ,avtr_7ae3f876-80e5-451e-a389-2fec755344de,https://vrchat.com/home/avatar/avtr_7ae3f876-80e5-451e-a389-2fec755344de,good,,,,,,,,
109,pe-pa-manbo-,,Jan 11 2024,へいゆ123 heiyu,,マンボウ,avtr_5d206f64-e7c2-499e-b28c-ed4cb6c6b3f3,https://vrchat.com/home/avatar/avtr_5d206f64-e7c2-499e-b28c-ed4cb6c6b3f3,medium,,,,,,,,
110,北海最強のマンボウ,,Jan 21 2024,カヤ（kaya）,,マンボウ,avtr_06e0fbff-545a-4d8b-b4ab-3df96509e3d4,https://vrchat.com/home/avatar/avtr_06e0fbff-545a-4d8b-b4ab-3df96509e3d4,medium,,,,,,,,
111,シルバーアロワナマン ,,Jan 25 2024,Kaiiiiiiiii,,シルバーアロワナ,avtr_f0e72f51-ea67-4934-bf2f-9173a8606d15,https://vrchat.com/home/avatar/avtr_f0e72f51-ea67-4934-bf2f-9173a8606d15,good,,,,,,,,
112,チョウチンアンコウマン,,Feb 02 2024,AoNeco 青猫,フィッシュヘッドのチョウチンアンコウ（提灯鮟鱇）マン、力士にもなります！,チョウチンアンコウ,avtr_1e8bdc8a-1e83-4caa-b457-4a1b1e6cddf0,https://vrchat.com/home/avatar/avtr_1e8bdc8a-1e83-4caa-b457-4a1b1e6cddf0,good,,,,,,,,
113,NEOKERA_wasou_mame,,Feb 04 2024,march-maru,NEOKERA_wasou,ネオケラ,avtr_90835c0c-ee66-45fd-937b-2af04cc56857,https://vrchat.com/home/avatar/avtr_90835c0c-ee66-45fd-937b-2af04cc56857,very poor,,,,,,,,
114,節分風味のニジマスマン,,Feb 04 2024,nekononomicon,左手のロックンロールorメニューor手の接触で魚頭ビーンズがでるぞ！ ニジマスマンは、ご覧のモデルをベースにお送りしています。 ∗∗∗ ＂Low poly rainbow trout （Oncorhynchus mykiss）＂ （https˸⁄⁄skfb․ly⁄otsOv） by Natural History Museum of Los Angeles County is licensed under CC Attribution-NonCommercial-ShareAlike （http˸⁄⁄creativecommons․org⁄licenses⁄by-nc-sa⁄4․0⁄）․ ∗∗∗ 【無料】【3Dモデル】マンボーマン【VRChat対応】 ｜ カヤのおみせ https˸⁄⁄kaya-upaco․booth․pm⁄items⁄4286364 ＃booth_pm,ニジマス,avtr_0e1ff83d-2c3b-4287-9081-0f2fe118ed92,https://vrchat.com/home/avatar/avtr_0e1ff83d-2c3b-4287-9081-0f2fe118ed92,medium,,,,,,,,
115,KATUBOWMAN,,Feb 08 2024,zhoney666,,カツオマンボウ,avtr_834b2709-6554-4427-b169-07315a02b592,https://vrchat.com/home/avatar/avtr_834b2709-6554-4427-b169-07315a02b592,medium,,,,,,,,
116,torafuzameman,,Feb 29 2024,Kaiiiiiiiii,,トラフザメ,avtr_c953c19e-bd5c-43e9-992f-485baa05009c,https://vrchat.com/home/avatar/avtr_c953c19e-bd5c-43e9-992f-485baa05009c,good,,,,,,,,
117,Fusaankou_man,,Feb 29 2024,march-maru,,フサアンコウ,avtr_5db65fa1-9dd4-4719-ac60-23591cecf12b,https://vrchat.com/home/avatar/avtr_5db65fa1-9dd4-4719-ac60-23591cecf12b,poor,,,,,,,,
118,スネークヘッド チャンナプルクラ,,Feb 04 2024,サミー_sammy,,スネークヘッド チャンナプルクラ,avtr_b5fdd4ce-ea31-4dc3-ac26-a0bf1788c88d,https://vrchat.com/home/avatar/avtr_b5fdd4ce-ea31-4dc3-ac26-a0bf1788c88d,poor,,,,,,,,
119,BlackBASSMAN,,Feb 04 2024,zhoney666,,ブラックバス,avtr_a69a6810-5b65-444f-87e5-96be0140435b,https://vrchat.com/home/avatar/avtr_a69a6810-5b65-444f-87e5-96be0140435b,good,,,,,,,,
120,フェルペス伯爵試着版試着版,,Feb 05 2021,poyavr,さかなロボアバター試着版です,コイ,avtr_15b55d27-4195-4729-827c-eb7a6bb985fb,https://vrchat.com/home/avatar/avtr_15b55d27-4195-4729-827c-eb7a6bb985fb,medium,,,,,,,,
121,ヤリマンボウーマン,,Feb 17 2024,polf,,ヤリマンボウ,avtr_e9f37f35-e821-4381-aa0a-784014476be6,https://vrchat.com/home/avatar/avtr_e9f37f35-e821-4381-aa0a-784014476be6,good,,,,,,,,
122,ヒマンチュラ・チャオプラヤマン,,Feb 18 2024,polf,ヒマンチュラ・チャオプラヤ,ヒマンチュラ・チャオプラヤ,avtr_2c040c23-3273-443e-9fab-051141f11291,https://vrchat.com/home/avatar/avtr_2c040c23-3273-443e-9fab-051141f11291,very poor,,,,,,,,
123,スシマン（マグロ）,,Feb 18 2024,Kaiiiiiiiii,Sushi Aquarium非公式キャラクター。,マグロの寿司,avtr_37973562-bba7-4702-ad91-51eeaf5ff59c,https://vrchat.com/home/avatar/avtr_37973562-bba7-4702-ad91-51eeaf5ff59c,good,,,,,,,,
124,256マスマン,,Feb 24 2024,nekononomicon,体は256、機能はニジマス その名は256マスマン！,ニジマス,avtr_6b22d703-fd73-4f06-ac75-88f64fb6b38d,https://vrchat.com/home/avatar/avtr_6b22d703-fd73-4f06-ac75-88f64fb6b38d,good,,,,,,,,
125,KTUOVerP,,Mar 01 2024,へいゆ123 heiyu,,カツオ,avtr_87bd6910-beb8-4520-9dc6-76ae2f6e72f3,https://vrchat.com/home/avatar/avtr_87bd6910-beb8-4520-9dc6-76ae2f6e72f3,good,,,,,,,,
126,Amantia,,Mar 06 2024,ふらっと（flat）,Loading․․․,タマゴタケ,avtr_3b68bd97-3d74-49b7-b9e0-e5ec2c474b56,https://vrchat.com/home/avatar/avtr_3b68bd97-3d74-49b7-b9e0-e5ec2c474b56,very poor,,,,,,,,
127,金槌男,,Mar 14 2024,Kaiiiiiiiii,＂Hammer Head Shark Head＂,シュモクザメ,avtr_1c2444a7-4647-4939-bef7-5c9b0ed606dd,https://vrchat.com/home/avatar/avtr_1c2444a7-4647-4939-bef7-5c9b0ed606dd,medium,,,,,,,,
128,アオザメヘッド,,Mar 19 2024,Kaiiiiiiiii,すべての歯を抜歯済みなので安全․,アオザメ,avtr_958c1f69-e49c-4663-9df8-a3bbb27a5473,https://vrchat.com/home/avatar/avtr_958c1f69-e49c-4663-9df8-a3bbb27a5473,medium,,,,,,,,
129,筋肉紋甲烏賊男,,Mar 20 2024,AoNeco 青猫,貧弱な肉体だった私、モンゴウイカマンは「腕立て伏せ100回、上体起こし100回、スクワット100回、そしてランニング10km、これを毎日やる」ことによって筋肉紋甲烏賊男に生まれ変わったのです,モンゴウイカ,avtr_f5e20998-5418-4128-943f-d6a3ae4bc138,https://vrchat.com/home/avatar/avtr_f5e20998-5418-4128-943f-d6a3ae4bc138,medium,,,,,,,,
130,ニジオーディオリンクマスマン,,Mar 23 2024,nekononomicon,PCでしかリンクしないぞ気を付けろ！ ∗∗∗ ＂Low poly rainbow trout （Oncorhynchus mykiss）＂ （https˸⁄⁄skfb․ly⁄otsOv） by Natural History Museum of Los Angeles County is licensed under CC Attribution-NonCommercial-ShareAlike （http˸⁄⁄creativecommons․org⁄licenses⁄by-nc-sa⁄4․0⁄）․ ∗∗∗ 【無料】【3Dモデル】マンボーマン【VRChat対応】 ｜ カヤのおみせ https˸⁄⁄kaya-upaco․booth․pm⁄items⁄4286364 ＃booth_pm,ニジマス,avtr_4e2ed12d-2504-4998-b549-38b58e02acea,https://vrchat.com/home/avatar/avtr_4e2ed12d-2504-4998-b549-38b58e02acea,good,,,,,,,,
131,スパイダー・C・マン,,Mar 23 2024,Kaiiiiiiiii,Japanese Spider Crab Man,タカアシガニ,avtr_470d1274-3373-447a-887c-f9c5e663e97c,https://vrchat.com/home/avatar/avtr_470d1274-3373-447a-887c-f9c5e663e97c,medium,,,,,,,,
132,katuoudiolink,,Mar 23 2024,へいゆ123 heiyu,,カツオ,avtr_0cc35ca7-f7a6-4254-9c20-fcaaed7d2bdb,https://vrchat.com/home/avatar/avtr_0cc35ca7-f7a6-4254-9c20-fcaaed7d2bdb,very poor,,,,,,,,
133,manbomannn,,Mar 23 2024,へいゆ123 heiyu,,マンボウ,avtr_ca2fafe1-96e0-469c-b0a6-e1ce326dfe5f,https://vrchat.com/home/avatar/avtr_ca2fafe1-96e0-469c-b0a6-e1ce326dfe5f,medium,,,,,,,,
134,donburikujira,,Apr 18 2024,kuguro,,クジラ,avtr_4cde5121-492e-47c5-a7ff-16463f912c60,https://vrchat.com/home/avatar/avtr_4cde5121-492e-47c5-a7ff-16463f912c60,good,,,,,,,,
135,車エビウーマン,,Feb 28 2024,long-potato,,クルマエビ,avtr_522c4e8b-d96d-4385-b57e-c5fd7304c16a,https://vrchat.com/home/avatar/avtr_522c4e8b-d96d-4385-b57e-c5fd7304c16a,good,,,,,,,,
136,クラウンローチちゃん,,Apr 21 2024,Kaiiiiiiiii,かわいい,クラウンローチちゃん,avtr_5d33257c-f82a-4359-8a44-f3c01a5295ad,https://vrchat.com/home/avatar/avtr_5d33257c-f82a-4359-8a44-f3c01a5295ad,medium,,,,,,,,
137,サッカーのマンボーマン,,Apr 28 2024,nekononomicon,魚頭はともだち,マンボウ,avtr_929833e7-9d48-40c8-8d1b-19da915846f6,https://vrchat.com/home/avatar/avtr_929833e7-9d48-40c8-8d1b-19da915846f6,medium,,,,,,,,
138,ギフトを受け取るーFISHHEAD,,Mar 30 2024,ふらっと（flat）,【無料】【3Dモデル】マンボーマン【VRChat対応】 https˸⁄⁄booth․pm⁄downloadables⁄3527891,マンボウ,avtr_9e936894-b2c4-457c-bedf-b9226ad25a6e,https://vrchat.com/home/avatar/avtr_9e936894-b2c4-457c-bedf-b9226ad25a6e,medium,,,,,,,,
139,OpabinaHead,,Nov 04 2023,はるる／Haruru․,,オパビニア,avtr_09969719-8970-4434-aeaa-bcc0542b4bd8,https://vrchat.com/home/avatar/avtr_09969719-8970-4434-aeaa-bcc0542b4bd8,good,,,,,,,,
140,Neontetora head,,Mar 13 2024,ちいにゃん,2024,ネオンテトラ,avtr_8bce2e18-4956-4d1d-82fd-64f054780ebe,https://vrchat.com/home/avatar/avtr_8bce2e18-4956-4d1d-82fd-64f054780ebe,good,,,,,,,,
141,Fish Head Katsuonoeboshi,,Apr 23 2024,サミー_sammy,Fish Head Katsuonoeboshi,カツオノエボシ,avtr_fa847d74-a5fb-4324-82ac-e80dd1a839f0,https://vrchat.com/home/avatar/avtr_fa847d74-a5fb-4324-82ac-e80dd1a839f0,poor,,,,,,,,
142,fish head Beta,,Apr 23 2024,サミー_sammy,fish head Beta,ベタ,avtr_f1a771e4-fcca-4163-9dc9-35e9870b1c91,https://vrchat.com/home/avatar/avtr_f1a771e4-fcca-4163-9dc9-35e9870b1c91,poor,,,,,,,,
143,ベンテンウオマン,,Apr 28 2024,polf,,ベンテンウオ,avtr_70ad11d4-ca06-403e-bda8-d41f250c9065,https://vrchat.com/home/avatar/avtr_70ad11d4-ca06-403e-bda8-d41f250c9065,good,,,,,,,,
144,MUSCLEbouman,,Apr 28 2024,zhoney666,Body˸Kaiiiiiiiii Head˸Kaya Thank youǃ,マンボウ,avtr_b1862d1b-5419-46ce-ac32-a386a23ac13d,https://vrchat.com/home/avatar/avtr_b1862d1b-5419-46ce-ac32-a386a23ac13d,good,,,,,,,,
145,sirowani,,Apr 28 2024,Kaiiiiiiiii,,シロワニ,avtr_8a30a2c9-669a-48a9-abdb-8a2df6781892,https://vrchat.com/home/avatar/avtr_8a30a2c9-669a-48a9-abdb-8a2df6781892,medium,,,,,,,,
146,かにぱんまん,,	04/26/2024,AoNeco 青猫,マッチョな体を手に入れた私は子供向けの丸顔きぐるみヒーローショーのアルバイトを始めました。最初はヒーローの仲間でしたが子供から怖がられるうちにいつの間にか悪役の黒いやつの仲間になっていたのでした。,カニ　かにぱん,avtr_06b7829e-4d1f-45ef-a480-8c91c2eeb8ab,https://vrchat.com/home/avatar/avtr_06b7829e-4d1f-45ef-a480-8c91c2eeb8ab,Good,,,,,,,,
147,一頭身のマンボーマン,,Apr 28 2024,nekononomicon,魚のマーボィ,マンボウ,avtr_9ce4207f-90f7-484b-a46c-be2738675e4f,https://vrchat.com/home/avatar/avtr_9ce4207f-90f7-484b-a46c-be2738675e4f,good,,,,,,,,
148,ウニ男,,Jul 01 2023,レイサキ,,ウニ,avtr_483c5141-21e8-4994-ae3b-c922a6d32748,https://vrchat.com/home/avatar/avtr_483c5141-21e8-4994-ae3b-c922a6d32748,medium,,,,,,,,
149,こんぶヘッド,,May 05 2024,よちよたち,こんぶヘッドとフィッシュヘッド達はなかよし！,こんぶ,avtr_60b88f97-9f5d-4cf7-91a5-a35046f39053,https://vrchat.com/home/avatar/avtr_60b88f97-9f5d-4cf7-91a5-a35046f39053,good,,,,,,,,
150,ishigaki_kaeru_uo_man,,May 05 2024,march-maruマーチマル,This is the public version of the Unclassics Fish Head Avatar․ Feel free to enjoyǃ,イシガキカエルウオ,avtr_9aea84e8-7937-4433-bcff-b985653e22f8,https://vrchat.com/home/avatar/avtr_9aea84e8-7937-4433-bcff-b985653e22f8,medium,,,,,,,,
151,Fketto chaaannn with fket booth,,Apr 11 2024,Fuganbya,mushroom growing system is not work for Quest,Fket,avtr_c973e5c9-9348-4b44-8ed8-d4915bca27ef,https://vrchat.com/home/avatar/avtr_c973e5c9-9348-4b44-8ed8-d4915bca27ef,very poor,,,,,,,,
152,寄生宿借,,May 26 2024,Kaiiiiiiiii,Memento Mori,ヤドカリ,avtr_b9041fe7-2f42-4768-9a56-3d2f0cb7101d,https://vrchat.com/home/avatar/avtr_b9041fe7-2f42-4768-9a56-3d2f0cb7101d,medium,,,,,,,,
153,ムーイ男,,May 01 2024,ニグレド,,ムーイ,avtr_eb16de84-17a6-4d3b-8e08-aa98ef92f669,https://vrchat.com/home/avatar/avtr_eb16de84-17a6-4d3b-8e08-aa98ef92f669,very poor,,,,,,,,
154,うなぎウーマン,,May 05 2024,long-potato,みんな偉い魚頭持ってていいなァǃǃ じゃあ魚頭バトルしようぜǃ 魚頭バトルǃǃ,ウナギ,avtr_6f1bcd9b-db5a-4320-b6ed-c2ea2a471f9c,https://vrchat.com/home/avatar/avtr_6f1bcd9b-db5a-4320-b6ed-c2ea2a471f9c,excellent,,,,,,,,
155,angel,,May 31 2024,long-potato,?????????????????,エンジェルフィッシュ,avtr_8d26e309-7c86-4912-b8c2-d77556613085,https://vrchat.com/home/avatar/avtr_8d26e309-7c86-4912-b8c2-d77556613085,excellent,,,,,,,,
156,KAYA'sKUE,,May 16 2024,zhoney666,作ってもらっちゃった！,クエ,avtr_e3f71a36-d063-4ebf-9f39-8ae92e2922b7,https://vrchat.com/home/avatar/avtr_e3f71a36-d063-4ebf-9f39-8ae92e2922b7,medium,,,,,,,,
157,木彫りの翻車魚,,Jun 20 2024,Kaiiiiiiiii,,マンボウ,avtr_0f8f2adb-41fb-49c3-a6a0-8e3c17193634,https://vrchat.com/home/avatar/avtr_0f8f2adb-41fb-49c3-a6a0-8e3c17193634,excellent,,,,,,,,
158,おたまじゃくし（魚）,,Jun 30 2024,Numabot,オタマジャクシ（魚）,オタマジャクシ,avtr_c7eddce7-d283-40b3-87ef-f04acd5a9f8c,https://vrchat.com/home/avatar/avtr_c7eddce7-d283-40b3-87ef-f04acd5a9f8c,excellent,,,,,,,,
159,ヒシガニマン,,May 05 2024,teramo,にかに,ヒシガニ,avtr_4ca9fcdf-1136-4141-9288-88ad5006acee,https://vrchat.com/home/avatar/avtr_4ca9fcdf-1136-4141-9288-88ad5006acee,very poor,,,,,,,,
160,魚頭昇り,,May 05 2024,ふらっと（flat）,,コイノボリ,avtr_1ed2f2d5-2114-4874-8f72-5b7d28fcf866,https://vrchat.com/home/avatar/avtr_1ed2f2d5-2114-4874-8f72-5b7d28fcf866,medium,,,,,,,,
161,Shark Man,,Apr 29 2024,Kaiiiiiiiii,,サメ,avtr_19c4a92a-3b80-4865-a76d-8b37fe540ff8,https://vrchat.com/home/avatar/avtr_19c4a92a-3b80-4865-a76d-8b37fe540ff8,good,,,,,,,,
162,スズキさん,,May 05 2024,Kaiiiiiiiii,また おまえかー？,スズキ,avtr_d44f380e-dfcb-42c7-aecb-70d23fa52c57,https://vrchat.com/home/avatar/avtr_d44f380e-dfcb-42c7-aecb-70d23fa52c57,medium,,,,,,,,
163,CatFishGirl 鯰猫娘,,Jun 25 2024,AoNeco 青猫,ナマズは英語でCatFishなのです。なのでナマズのフィッシュヘッドのボディは人ではなく猫になるのです。ここテストに出るのでよく覚えてくださいね。,アメリカナマズ,avtr_160da194-bd4d-4d1e-b0c9-e46a7b9e9759,https://vrchat.com/home/avatar/avtr_160da194-bd4d-4d1e-b0c9-e46a7b9e9759,medium,,,,,,,,
164,インペリアルゼブラプレコマン,,Jun 20 2024,ステルバイ,,プレコ,avtr_e9272c97-5ab8-4c90-b1a1-9fea85a2f013,https://vrchat.com/home/avatar/avtr_e9272c97-5ab8-4c90-b1a1-9fea85a2f013,excellent,,,,,,,,
165,クロウシノシタマン,,Jun 15 2024,polf,,ウシノシタ,avtr_b44bcbaf-dc80-4190-b1aa-e0a3cd4a0eeb,https://vrchat.com/home/avatar/avtr_b44bcbaf-dc80-4190-b1aa-e0a3cd4a0eeb,good,,,,,,,,
166,真珠ヘッド,,Jul 12 2024,よちよたち,キラキラ,真珠,avtr_937c2f96-60b6-492b-9b67-40b708934400,https://vrchat.com/home/avatar/avtr_937c2f96-60b6-492b-9b67-40b708934400,excellent,,,,,,,,
167,サルパマン,,Jul 17 2024,甘水あみ,おサル,サルパ,avtr_33f4b600-c531-4e71-8570-2328a7744524,https://vrchat.com/home/avatar/avtr_33f4b600-c531-4e71-8570-2328a7744524,very poor,,,,,,,,
168,スズキ君,,Jun 26 2024,Kaiiiiiiiii,,スズキ,avtr_ad68b866-f6fc-41f5-9342-381a261e68e7,https://vrchat.com/home/avatar/avtr_ad68b866-f6fc-41f5-9342-381a261e68e7,excellent,,,,,,,,
169,adsaas,,Jul 31 2024,Fuganbya,adsa,アユ,avtr_e757372a-39b2-498f-a962-e55738188527,https://vrchat.com/home/avatar/avtr_e757372a-39b2-498f-a962-e55738188527,poor,,,,,,,,
170,fket2024Teramoブース,,Jul 19 2024,nekononomicon,,Ｆｋｅｔ,avtr_77c87433-0df4-4cb0-8a8c-6fb90981ad1f,https://vrchat.com/home/avatar/avtr_77c87433-0df4-4cb0-8a8c-6fb90981ad1f,very poor,,,,,,,,
171,Corydoras,,Aug 29 2024,ちいにゃん,corydoras-aeneus,コリドラス,avtr_c0190b15-6baf-4f8a-981c-3d53c9e32c62,https://vrchat.com/home/avatar/avtr_c0190b15-6baf-4f8a-981c-3d53c9e32c62,good,,,,,,,,
172,闇の深海に抱かれしマンボーマン,,Jul 15 2024,zhoney666,,マンボウ,avtr_5117b919-36f4-4fb1-8699-6361adad070f,https://vrchat.com/home/avatar/avtr_5117b919-36f4-4fb1-8699-6361adad070f,very poor,,,,,,,,
173,ukiwa manbo,,Jul 15 2024,へいゆ123 heiyu,,マンボウ,avtr_9eee89d1-0fb4-4e24-a265-39616fac3533,https://vrchat.com/home/avatar/avtr_9eee89d1-0fb4-4e24-a265-39616fac3533,very poor,,,,,,,,
174,カブトクラゲマン,,Jul 16 2024,甘水あみ,一番好きなクラゲです,カブトクラゲ,avtr_3bf0593b-b831-4b6a-bc7d-684a0708dcd4,https://vrchat.com/home/avatar/avtr_3bf0593b-b831-4b6a-bc7d-684a0708dcd4,good,,,,,,,,
175,ガニ子,,Jul 19 2024,Kaiiiiiiiii,魚と人が好物の女の子。仲良くしてね。,カブトガニ,avtr_ec9206d8-ab3d-49ff-8e86-23cf59d5f225,https://vrchat.com/home/avatar/avtr_ec9206d8-ab3d-49ff-8e86-23cf59d5f225,medium,,,,,,,,
176,七夕魚,,Jul 15 2024,ふらっと（flat）,,タナバタウオ,avtr_53210e02-fdce-44f9-b3e5-76771da01914,https://vrchat.com/home/avatar/avtr_53210e02-fdce-44f9-b3e5-76771da01914,very poor,,,,,,,,
177,クモヒトデマン,,Jul 16 2024,甘水あみ,細,クモヒトデ,avtr_a43a8603-5380-4993-bad3-3a39dfc7fcfa,https://vrchat.com/home/avatar/avtr_a43a8603-5380-4993-bad3-3a39dfc7fcfa,good,,,,,,,,
178,bakemon,,Jul 03 2024,huyumusi,,クジラ,avtr_a54291b0-01d9-4304-97ad-8ebd7abfb14d,https://vrchat.com/home/avatar/avtr_a54291b0-01d9-4304-97ad-8ebd7abfb14d,very poor,,,,,,,,
179,鮎ヘッド,,Jul 30 2024,zhoney666,渓流の人気者がついに登場！俺とナワバリバトルしようぜ！！！,アユ,avtr_e0981fe2-d152-4381-b031-b88d62393a57,https://vrchat.com/home/avatar/avtr_e0981fe2-d152-4381-b031-b88d62393a57,good,,,,,,,,
180,Fish meme,,Jun 21 2024,Singing Bird,˸）,魚,avtr_ee6c6d33-2aa4-4ceb-b85d-6a4aa280d232,https://vrchat.com/home/avatar/avtr_ee6c6d33-2aa4-4ceb-b85d-6a4aa280d232,medium,,,,,,,,
181,さめびと,,Aug 24 2024,甘水あみ,さめひなた,ホオジロザメ、ヨシキリザメ、ジンベイザメ、シュモクザメ、ユメザメ、ノコギリザメ、ネコザメ、ラブカ、カスザメ,avtr_bdf8632d-2aac-4d28-97c9-044427648655,https://vrchat.com/home/avatar/avtr_bdf8632d-2aac-4d28-97c9-044427648655,good,,,,,,,,
182,サラリーマンボーマン,,Sep 15 2024,nekononomicon,社会の荒波に揉まれるマンボーマン,マンボウ,avtr_6a8967a2-c471-4b1d-a278-f527057ff186,https://vrchat.com/home/avatar/avtr_6a8967a2-c471-4b1d-a278-f527057ff186,good,,,,,,,,
183,UMainbowMan,,Sep 07 2024,小林くん-NeedForest,UMai,マンボウ,avtr_3f91b01c-e98f-473f-a631-1da057feb542,https://vrchat.com/home/avatar/avtr_3f91b01c-e98f-473f-a631-1da057feb542,medium,,,,,,,,
184,WhaleMan,,Sep 13 2024,huyumusi,Loading․․․,クジラ,avtr_d34fed25-859f-41e6-8548-a29ad045e0d0,https://vrchat.com/home/avatar/avtr_d34fed25-859f-41e6-8548-a29ad045e0d0,Medium,,,,,,,,
185,Akamantai_by_Numabot․003,,Apr 19 2024,Numabot,外見や生態はマンボウにも似ているが、分類上はまったく別の魚である,アカマンボウ,avtr_44923445-3c69-49be-a5d3-ebc88ee8959d,https://vrchat.com/home/avatar/avtr_44923445-3c69-49be-a5d3-ebc88ee8959d,excellent,よしきりざめ,Sep 18 2024,甘水あみ,,ヨシキリザメ,avtr_bdf8632d-2aac-4d28-97c9-044427648655,https://vrchat.com/home/avatar/avtr_bdf8632d-2aac-4d28-97c9-044427648655,good
186,おさかな怪人サンプル,,Sep 15 2024,エージェントSATAN,おさかな怪人サンプル,魚,avtr_450c4579-65b2-46ef-b43c-794e34503ecc,https://vrchat.com/home/avatar/avtr_450c4579-65b2-46ef-b43c-794e34503ecc,poor,しゅもくざめ,Aug 25 2024,甘水あみ,,シュモクザメ,avtr_bdf8632d-2aac-4d28-97c9-044427648655,https://vrchat.com/home/avatar/avtr_bdf8632d-2aac-4d28-97c9-044427648655,good
187,KATUOもめ,,Sep 22 2024,nekononomicon,圧倒的揉み心地,カツオ,avtr_b240f1e1-b5c4-427f-810b-dfd06b855398,https://vrchat.com/home/avatar/avtr_b240f1e1-b5c4-427f-810b-dfd06b855398,poor,のこぎりざめ,Aug 26 2024,甘水あみ,,ノコギリザメ,avtr_bdf8632d-2aac-4d28-97c9-044427648655,https://vrchat.com/home/avatar/avtr_bdf8632d-2aac-4d28-97c9-044427648655,good
188,筋肉鰹男,,Sep 20 2024,AoNeco 青猫,私カツオマンは毎日のハードなトレーニングと大量のプロティンを摂取してムキムキボディを手に入れ筋肉鰹男になったのです（このアバターはジョニー・ニコライ（zhoney nicolay）さんのカツオマンの改変アバターです）,カツオ,avtr_85167826-6146-45f8-8156-dec55419091d,https://vrchat.com/home/avatar/avtr_85167826-6146-45f8-8156-dec55419091d,good,ねこざめ,Sep 18 2024,甘水あみ,,ネコザメ,avtr_bdf8632d-2aac-4d28-97c9-044427648655,https://vrchat.com/home/avatar/avtr_bdf8632d-2aac-4d28-97c9-044427648655,good
189,繁殖,,Sep 16 2024,long-potato,その数、なんと3億。,マンボウ,avtr_af044432-549a-484a-bd93-ae114b24ee42,https://vrchat.com/home/avatar/avtr_af044432-549a-484a-bd93-ae114b24ee42,very poor,ゆめざめ,Sep 18 2024,甘水あみ,,ユメザメ,avtr_bdf8632d-2aac-4d28-97c9-044427648655,https://vrchat.com/home/avatar/avtr_bdf8632d-2aac-4d28-97c9-044427648655,good
190,カツオ100鯛記念カツオ,,Sep 22 2024,カヤ（kaya）,,カツオ,avtr_2c37c4f5-5461-442a-99a1-dce7209468d2,https://vrchat.com/home/avatar/avtr_2c37c4f5-5461-442a-99a1-dce7209468d2,good,ラブカ,Sep 17 2024,甘水あみ,,ラブカ,avtr_bdf8632d-2aac-4d28-97c9-044427648655,https://vrchat.com/home/avatar/avtr_bdf8632d-2aac-4d28-97c9-044427648655,good
191,conodontman_2024,,Oct 15 2024,カヤ（kaya）,,コノドント,avtr_7edd0199-e348-420c-854d-f6500a230861,https://vrchat.com/home/avatar/avtr_7edd0199-e348-420c-854d-f6500a230861,medium,じんべえざめ,Sep 17 2024,甘水あみ,,ジンベエザメ,avtr_bdf8632d-2aac-4d28-97c9-044427648655,https://vrchat.com/home/avatar/avtr_bdf8632d-2aac-4d28-97c9-044427648655,good
192,Mola mola_2024,,Oct 11 2024,カヤ（kaya）,,マンボウ,avtr_5c9d828c-279d-4dc1-9027-d02fb6a65846,https://vrchat.com/home/avatar/avtr_5c9d828c-279d-4dc1-9027-d02fb6a65846,good,かすざめ,Sep 18 2024,甘水あみ,,カスザメ,avtr_bdf8632d-2aac-4d28-97c9-044427648655,https://vrchat.com/home/avatar/avtr_bdf8632d-2aac-4d28-97c9-044427648655,good
193,Orca Head,,Oct 01 2024,huyumusi,,シャチ,avtr_abd27db7-25c7-4be0-b057-8c873706a0f3,https://vrchat.com/home/avatar/avtr_abd27db7-25c7-4be0-b057-8c873706a0f3,Good,,,,,,,,
194,Fish）,,Oct 20 2024,Singing Bird,?,魚　フグ,avtr_5c20f6c1-ad53-4c3d-8cd6-450c50200342,https://vrchat.com/home/avatar/avtr_5c20f6c1-ad53-4c3d-8cd6-450c50200342,Good,,,,,,,,
195,茸魚,,Oct 31 2024,栬くん。,たけお,妖怪　さかな,avtr_ec7e4bce-acc4-4687-8736-da7d298b1ec2,https://vrchat.com/home/avatar/avtr_ec7e4bce-acc4-4687-8736-da7d298b1ec2,Good,,,,,,,,
196,ドゥメリリィ・エンゼル,,Nov 04 2024,polf,,エンゼルフィッシュ,avtr_de498c89-f3e4-4d41-a0a3-1a36b2c45ecb,https://vrchat.com/home/avatar/avtr_de498c89-f3e4-4d41-a0a3-1a36b2c45ecb,Medium,,,,,,,,
197,2周年記念のマンボーマン,,Nov 04 2024,nekononomicon,魚頭を集めて＂マンボーマン＂にするマンボーマン。椅子を出さないこともできるので小道具としてマンボーを散りばめたい時にも使えるかもしれない。,マンボウ,avtr_ad489c2b-d1ff-41bd-a3af-c33ce9b5a296,https://vrchat.com/home/avatar/avtr_ad489c2b-d1ff-41bd-a3af-c33ce9b5a296,Medium,,,,,,,,
198,coelacanth lady 怪盗シーラカンスレディ,,Nov 05 2024,AoNeco 青猫,レオタードの女ボディのシーラカンスのフィッシュヘッドです。昭和の人気アニメではないですよ。あれは魚の頭してません,シーラカンス,avtr_78d1ce9b-d23a-41c9-ac97-0dd743d548c6,https://vrchat.com/home/avatar/avtr_78d1ce9b-d23a-41c9-ac97-0dd743d548c6,Good,,,,,,,,
199,Ammo-Knite あんもナイト,,Nov 05 2024,AoNeco 青猫,アンモナイトの騎士のフィッシュヘッドなのです。刀を出せますが自由には動かせませんので戦いにはなんの役にも立たないのです,アンモナイト,avtr_49b6ca59-c888-4494-bc76-d7e6bb1085f6,https://vrchat.com/home/avatar/avtr_49b6ca59-c888-4494-bc76-d7e6bb1085f6,Good,,,,,,,,
200,極美個体　アンフィビウスマン,,Nov 08 2024,march-maruマーチマル,肺魚の一種です。実物もカワイイよ！,アンフィビウス,avtr_7c4974ea-c5d3-4f46-96d9-1cb4a6dbd8d5,https://vrchat.com/home/avatar/avtr_7c4974ea-c5d3-4f46-96d9-1cb4a6dbd8d5,Good,,,,,,,,
201,ﾏｿﾝｿﾎﾞﾝﾏ,,Nov 10 2024,Fuganbya,,マンボウ,avtr_d8184271-dd3d-4a79-a86f-6e8defba479a,https://vrchat.com/home/avatar/avtr_d8184271-dd3d-4a79-a86f-6e8defba479a,Excellent,,,,,,,,
202,マンボーブラザーズ,,Nov 10 2024,dekadan,天涯孤独のマンボーマン。血のつながりに飢える。,マンボウ,avtr_8a7995bf-3e1e-4e14-9479-78f013aa1f02,https://vrchat.com/home/avatar/avtr_8a7995bf-3e1e-4e14-9479-78f013aa1f02,Poor,,,,,,,,
203,2周年記念「GODofマンボマンボ」,,Nov 10 2024,zhoney666,大地は歓喜に満ち溢れ、空は感涙の涙を流し、全ての生命はマンボマンソの腹に帰る。マゼンタの鐘がなる時に、死者は海へ還り、始まりのフィッシュが見つめてる。,マンボウ,avtr_89ff5099-6887-4368-b0f8-84200c95f56f,https://vrchat.com/home/avatar/avtr_89ff5099-6887-4368-b0f8-84200c95f56f,Very Poor,,,,,,,,
204,出航,,Nov 13 2024,dekadan,,イカダ,avtr_922aaedc-d5c6-408f-a94d-435abfc76ae3,https://vrchat.com/home/avatar/avtr_922aaedc-d5c6-408f-a94d-435abfc76ae3,Very Poor,,,,,,,,
205,コブシガニマン,,Nov 18 2024,teramo,踊りだす,コブシガニ,avtr_1e83f63f-3428-4c6d-881a-8353628c2bf0,https://vrchat.com/home/avatar/avtr_1e83f63f-3428-4c6d-881a-8353628c2bf0,Excellent,,,,,,,,
206,クロカジキ（FH、デスクトップ仕様）,,Nov 18 2024,nanaminami,体無しはショップにて配布しております,クロカジキ,avtr_7e9e3a9b-1419-461d-ad99-e01a39c4e319,https://vrchat.com/home/avatar/avtr_7e9e3a9b-1419-461d-ad99-e01a39c4e319,Good,,,,,,,,
207,おたまえんぶり。,,Nov 21 2024,Numabot,青森初春の神事として青森県八戸市一円を中心とする青森県南部地方各地で広く行われる予祝芸能の一種である。,オタマジャクシ,avtr_9c7aa15f-960a-48ef-a35c-0a3a18517b5b,https://vrchat.com/home/avatar/avtr_9c7aa15f-960a-48ef-a35c-0a3a18517b5b,Good,,,,,,,,
208,タモロコちゃん,,Nov 25 2024,りこ_nanausariko,,タモロコ,avtr_f30630dc-e7e4-4a2d-ae4c-45ea79f1b223,https://vrchat.com/home/avatar/avtr_f30630dc-e7e4-4a2d-ae4c-45ea79f1b223,Medium,,,,,,,,
209,ミニブッシープレコマン,,Nov 30 2024,ステルバイ,,ミニブッシープレコ,avtr_12b7f58c-aa04-470d-b093-c8996216eccb,https://vrchat.com/home/avatar/avtr_12b7f58c-aa04-470d-b093-c8996216eccb,Excellent,,,,,,,,
210,Rene_MAkyoritte,,Dec 02 2024,葱 potipoti93,Collective Invention,絵画,avtr_4bbdb42f-e1ff-4609-94df-bdf905b830fc,https://vrchat.com/home/avatar/avtr_4bbdb42f-e1ff-4609-94df-bdf905b830fc,Good,,,,,,,,
211,Nanimon,,Dec 06 2024,huyumusi,誰も知らないフィッシュヘッド,シャチ,avtr_a62ee35c-f5e1-456b-bbc9-9a6ac27022c4,https://vrchat.com/home/avatar/avtr_a62ee35c-f5e1-456b-bbc9-9a6ac27022c4,Very Poor,,,,,,,,
212,Statue Of FishHead 1,,Dec 07 2024,Kaiiiiiiiii,,ハナミノカサゴ,avtr_2e13ac2e-6b0d-43e5-9a08-cf566fa73941,https://vrchat.com/home/avatar/avtr_2e13ac2e-6b0d-43e5-9a08-cf566fa73941,Very Poor,,,,,,,,
213,FISH HEADS,,Dec 19 2024,カヤ（kaya）,あたまはお前だ,無,avtr_d26e42d2-9c86-43fb-9910-3ba4c4cefe22,https://vrchat.com/home/avatar/avtr_d26e42d2-9c86-43fb-9910-3ba4c4cefe22,Excellent,,,,,,,,
214,さだはる２,,Dec 20 2024,dekadan,,フナ,avtr_d84575ce-40d8-4cfa-9049-cb6c03e5f197,https://vrchat.com/home/avatar/avtr_d84575ce-40d8-4cfa-9049-cb6c03e5f197,Very Poor,,,,,,,,
215,NISIKIEBIMAN,,Dec 31 2024,Kaiiiiiiiii,ISE,ゴシキエビ,avtr_51de7b30-a84f-4f43-8d17-f9b3bfcc7bb6,https://vrchat.com/home/avatar/avtr_51de7b30-a84f-4f43-8d17-f9b3bfcc7bb6,Poor,,,,,,,,
216,すし水勤務のAkyo,,Dec 31 2024,nekononomicon,「Sushi Aquarium」で働いていそうなAkyoだ！アジ関係の機能はメニューのMoreにあるよ。アジバケツとマダコ壺はkai9さんが無料で配布してるやつだ！https˸⁄⁄booth․pm⁄ja⁄items⁄6429080,アジ,avtr_b38aeb2a-bb50-470a-82b6-ab977a023530,https://vrchat.com/home/avatar/avtr_b38aeb2a-bb50-470a-82b6-ab977a023530,Poor,,,,,,,,
217,AmadaiAkyo,,Dec 31 2024,ふらっと（flat）,,アマダイ,avtr_e8b4b2ed-d735-48dc-b1f8-4350dc5fd7ef,https://vrchat.com/home/avatar/avtr_e8b4b2ed-d735-48dc-b1f8-4350dc5fd7ef,Good,,,,,,,,
218,かまぼこレディ,,Jan 01 2025,polf,,かまぼこ,avtr_9bf565b2-263a-4e7b-9024-8a2a91fb612d,https://vrchat.com/home/avatar/avtr_9bf565b2-263a-4e7b-9024-8a2a91fb612d,Good,,,,,,,,
219,neolady,,Jan 03 2025,long-potato,肺がある,ネオケラ,avtr_923a9a6b-5b48-4946-9b3d-a91101c19af2,https://vrchat.com/home/avatar/avtr_923a9a6b-5b48-4946-9b3d-a91101c19af2,Excellent,,,,,,,,
220,Mola mola_2025,,Jan 03 2025,カヤ（kaya）,胴体が伸びる方,マンボウ,avtr_1488b362-dee0-401d-96ea-7b5f5c46e0a8,https://vrchat.com/home/avatar/avtr_1488b362-dee0-401d-96ea-7b5f5c46e0a8,Poor,,,,,,,,
221,マンボボ,,Jan 09 2025,long-potato,花言葉は「おもいで」。 色や形によって花言葉が少し異なる場合もありますが、基本的に愛や思いを伝える花として広く親しまれています。,マンボウ,avtr_bb69169e-cbb2-4d8c-9adc-e29c2aa396a8,https://vrchat.com/home/avatar/avtr_bb69169e-cbb2-4d8c-9adc-e29c2aa396a8,Medium,,,,,,,,
222,マンボボの花,,Jan 09 2025,long-potato,花言葉は「おもいで」。 色や形によって花言葉が少し異なる場合もありますが、基本的に愛や思いを伝える花として広く親しまれています。,マンボウ,avtr_e7502cde-200f-474c-907d-5bf73c53879e,https://vrchat.com/home/avatar/avtr_e7502cde-200f-474c-907d-5bf73c53879e,Medium,,,,,,,,
223,ママンボウマン,,Jan 18 2025,ステルバイ,かいほうギョトモン,マンボウ,avtr_447843dc-85d0-4e36-9464-5835334dfe0e,https://vrchat.com/home/avatar/avtr_447843dc-85d0-4e36-9464-5835334dfe0e,Excellent,,,,,,,,
224,Mola mola_1922,,Jan 19 2025,カヤ（kaya）,眼とヒレが伸びる方,マンボウ,avtr_fd0fa227-2906-42b2-8977-095ee759a4a0,https://vrchat.com/home/avatar/avtr_fd0fa227-2906-42b2-8977-095ee759a4a0,Poor,,,,,,,,
225,バシロサウルスヘッド,,Jan 23 2025,huyumusi,,バシロサウルス,avtr_7d0e4557-8949-4a40-82e4-e7fa61a3dbae,https://vrchat.com/home/avatar/avtr_7d0e4557-8949-4a40-82e4-e7fa61a3dbae,Good,,,,,,,,
226,カツオゴースト限定装備版,,Nov 05 2024,zhoney666,伝説の剣「七支刀」刀身に刻まれた魚頭文字は何を示すのか・・・ご先祖の正体は一体！！！次回、魚の夢は海の中,カツオ,avtr_57253210-7707-4765-910a-d563fb4fc1ef,https://vrchat.com/home/avatar/avtr_57253210-7707-4765-910a-d563fb4fc1ef,Medium,,,,,,,,
227,ときめけ！！！魅惑のヴィーナス誕生,,07/29/2024,zhoney666,サミー様謹製、魅惑のヴィーナス誕生ポーズが爆誕！ お試し用カツオになります。 Sammy⁄Good_time工房 https˸⁄⁄sammy1976․booth․pm⁄,カツオ,avtr_6035bda7-1f11-438c-8dea-ca8faeec5743,https://vrchat.com/home/avatar/avtr_6035bda7-1f11-438c-8dea-ca8faeec5743,Good,,,,,,,,
228,cephalaspis man,,Jun 21 2024,カヤ（kaya）,ケファラスピス,硬そう,avtr_c9e337d1-a2d8-4e0b-abfe-58c375e6750c,https://vrchat.com/home/avatar/avtr_c9e337d1-a2d8-4e0b-abfe-58c375e6750c,Good,,,,,,,,
229,仮透明なたいやき醤油味,,Jan 17 2024,nyan-no-mono,仮透明なたいやき醤油味,たい焼き,avtr_3dcd5d2f-2805-4493-a7db-86e3ef7e66b2,https://vrchat.com/home/avatar/avtr_3dcd5d2f-2805-4493-a7db-86e3ef7e66b2,Medium,,,,,,,,
230,menkoi,,Jul 13 2024,kuguro,,人,avtr_b593240f-2ff0-4e2b-be15-339ba87643b7,https://vrchat.com/home/avatar/avtr_b593240f-2ff0-4e2b-be15-339ba87643b7,Poor,,,,,,,,
231,亜魚,,Dec 31 2024,kuguro,,Akyo,avtr_a6092306-d1aa-44fb-b54d-593cbea7133b,https://vrchat.com/home/avatar/avtr_a6092306-d1aa-44fb-b54d-593cbea7133b,Excellent,,,,,,,,
232,象形さん,,Dec 05 2024,dekadan,会意に憧憬する象形の怪異,文字,avtr_9a8e8231-9cfc-431a-a1fd-0f620399bcf0,https://vrchat.com/home/avatar/avtr_9a8e8231-9cfc-431a-a1fd-0f620399bcf0,Medium,,,,,,,,
233,ミガツーオ,,Jan 29 2025,zhoney666,自分をミガルーサだと思い込んでいる一般カツオゴースト,カツオ,avtr_c49cfb19-d3ab-4146-a749-ae9d76094ce3,https://vrchat.com/home/avatar/avtr_c49cfb19-d3ab-4146-a749-ae9d76094ce3,Medium,,,,,,,,
234,走るマンボー,,Jan 31 2025,dekadan,同一平面上に存在するチームメイトを実際に見たことがない。チーム競技身をやつす。しかしどこまでも孤独。客観の中でのみ三次元となる。,マンボウ,avtr_faec8dbc-a1db-43bd-bc30-f047f8375ff0,https://vrchat.com/home/avatar/avtr_faec8dbc-a1db-43bd-bc30-f047f8375ff0,Medium,,,,,,,,
235,らくがきさかな,,Jan 09 2025,kuguro,,落書き,avtr_dd6af84d-d3eb-49b0-ad84-86e9980d7a1c,https://vrchat.com/home/avatar/avtr_dd6af84d-d3eb-49b0-ad84-86e9980d7a1c,Medium,,,,,,,,
236,マンボボボボボボオボｂ,,Jan 26 2025,long-potato,ボボ,テッポウウオ,avtr_d6959b5c-5b26-41b8-bb74-5ebdc4726985,https://vrchat.com/home/avatar/avtr_d6959b5c-5b26-41b8-bb74-5ebdc4726985,Medium,,,,,,,,
237,スケートマンボーマン,,Feb 02 2025,dekadan,,,avtr_6e46646b-fa1a-4651-b4b3-5a99e4a65ada,https://vrchat.com/home/avatar/avtr_6e46646b-fa1a-4651-b4b3-5a99e4a65ada,Medium,,,,,,,,
238,カージナルテトラちゃん,,Feb 02 2025,long-potato,ネオンテトラじゃないわよ,カージナルテトラ,avtr_8f607d9d-9b4a-4e9d-b988-324328daee50,https://vrchat.com/home/avatar/avtr_8f607d9d-9b4a-4e9d-b988-324328daee50,Excellent,,,,,,,,
239,思春期ハリセンボンちゃん,,Feb 02 2025,AoNeco 青猫,「ツンデレは インテリジェンスの 証しなり」ってことでツンツンする思春期のハリセンボン中学生です。ハンドサインやラジアルメニューで表情が変えられます。作者はハンドサインでの表情変更が下手くそなのでハンドサインでの表情変更をできなくするOFFメニューを付けています,ハリセンボン,avtr_7ad74415-0a5c-4f72-b559-3936a01750fa,https://vrchat.com/home/avatar/avtr_7ad74415-0a5c-4f72-b559-3936a01750fa,Good,,,,,,,,
240,二刀流,,Feb 02 2025,Kaiiiiiiiii,オオカミウオ イトマキヒトデ コブヒトデ バラクーダ タチウオ,オオカミウオ イトマキヒトデ コブヒトデ バラクーダ タチウオ,avtr_2a61358b-ac75-4314-b3b5-5e7000c233fe,https://vrchat.com/home/avatar/avtr_2a61358b-ac75-4314-b3b5-5e7000c233fe,Very Poor,,,,,,,,
241,マンボんぼり,,Mar 02 2025,nekononomicon,マンボウ,ひな祭りに迎合したマンボール 別名マンボーり,avtr_92b91ae7-e3c8-4037-b131-bd1bc5e64eea,https://vrchat.com/home/avatar/avtr_92b91ae7-e3c8-4037-b131-bd1bc5e64eea,Poor,,,,,,,,
242,『母なる海』,,	10/31/2023,スケルタル博士,海　水,,avtr_34e1d85e-9bdf-4f49-b15a-36e494e52719,https://vrchat.com/home/avatar/avtr_34e1d85e-9bdf-4f49-b15a-36e494e52719,Good,,,,,,,,
243,マンボマたおいおうｲ衣装ﾌﾟﾚﾋﾞｭｰアバタ,,04/11/2025,Fuganbya,マンボウ,シャネル,avtr_8c34657d-6a55-42f5-b2c4-202620a2e80d,https://vrchat.com/home/avatar/avtr_8c34657d-6a55-42f5-b2c4-202620a2e80d,Excellent,,,,,,,,
244,マンボマたおいおうｲ衣装ﾌﾟﾚﾋﾞｭｰアバタ,,04/11/2025,Fuganbya,まめ,グッチ,avtr_fdddfb26-b923-4ca8-bd3f-d139db1eb693,https://vrchat.com/home/avatar/avtr_fdddfb26-b923-4ca8-bd3f-d139db1eb693,Excellent,,,,,,,,
245,Fisherman,,03/01/2025,long-potato,さかな,動画を見てくれてありがとう！,avtr_2f3f2791-afdc-46dc-ad15-bdfec12d6b97,https://vrchat.com/home/avatar/avtr_2f3f2791-afdc-46dc-ad15-bdfec12d6b97,Excellent,,,,,,,,
246,ピラニアの一族,,03/03/2025,AoNeco 青猫,ピラニア,私はアマゾン川で溺れてピラニアに肉を食われ骨だけになってしまったのです。ピラニアの一匹に引っかかりピラニアの一族とともにアマゾン川を彷徨っているのです,avtr_28fa1d33-86bb-44e4-b3f4-a55dafdf3c56,https://vrchat.com/home/avatar/avtr_28fa1d33-86bb-44e4-b3f4-a55dafdf3c56,Medium,,,,,,,,
247,亜魚露とル,,02/11/2025,kuguro,Akyo　ウーパールーパー,,avtr_039bb82d-bb7b-43c2-9d66-328d36d994de,https://vrchat.com/home/avatar/avtr_039bb82d-bb7b-43c2-9d66-328d36d994de,Medium,,,,,,,,
248,お雛鮎太郎人形さまDX,,03/03/2025,zhoney666,アユ,明かりを付けましょ魚んぼりに！お花を上げましょ魚の花！五人囃子の魚太鼓。今日は楽しい魚祭り。,avtr_46d70b4f-9660-4b25-aeee-02d31d804660,https://vrchat.com/home/avatar/avtr_46d70b4f-9660-4b25-aeee-02d31d804660,Medium,,,,,,,,
249,マンボーマンFTVer․1․1,,03/03/2025,栬くん。,マンボウ,フェイストラッキング対応マンボーマン。アバター作者Kayaさんに許可を貰いパブリック化してます。,avtr_d9b2a9cd-fd55-4946-ae0b-1553561ddfe7,https://vrchat.com/home/avatar/avtr_d9b2a9cd-fd55-4946-ae0b-1553561ddfe7,Medium,,,,,,,,
250,アマゴマン2025,,	03/30/2025,zhoney666,アマゴ,2025年3月に釣れたアマゴマン！渓流の女王の名は伊達ではないぜぇ・・・・,avtr_81fd18ea-b7a9-46a7-b03d-6ff2f9a5f9fa,https://vrchat.com/home/avatar/avtr_81fd18ea-b7a9-46a7-b03d-6ff2f9a5f9fa,Medium,,,,,,,,
251,Narwhal man,,03/11/2025,huyumusi,イッカク,人の顔を見て話せません。シャイなので。,avtr_5ad07460-f89c-4bf0-9212-6cdfcaeadc47,https://vrchat.com/home/avatar/avtr_5ad07460-f89c-4bf0-9212-6cdfcaeadc47,Good,,,,,,,,
252,ドギーマン,,04/02/2025,zhoney666,dog,全てはDogの為に・・・,avtr_d6fed25b-a114-40cc-bfd2-fc6f7f1c3f9a,https://vrchat.com/home/avatar/avtr_d6fed25b-a114-40cc-bfd2-fc6f7f1c3f9a,Medium,,,,,,,,
253,森のニジマスマンWith苔Akyo,,05/04/2025,nekononomicon,ニジマス,ボディ隠して魚頭隠さず,avtr_8324c16d-05c0-4793-9f77-f1edf0340eb0,https://vrchat.com/home/avatar/avtr_8324c16d-05c0-4793-9f77-f1edf0340eb0,Medium,,,,,,,,
254,Manbody_sample,,04/12/2025,カヤ（kaya）,マンボウ,Manbodyリリース,avtr_06fd7c8d-5d7f-4671-8fbc-4843584b5d94,https://vrchat.com/home/avatar/avtr_06fd7c8d-5d7f-4671-8fbc-4843584b5d94,Poor,,,,,,,,
255,アカヤガラマン,,05/03/2025,polf,アカヤガラ,,avtr_c895e425-0b55-4b36-b434-b5126b590fb7,https://vrchat.com/home/avatar/avtr_c895e425-0b55-4b36-b434-b5126b590fb7,Medium,,,,,,,,
256,平成初期のフィッシュヘッド,,05/02/2025,dekadan,フナ,平成元年大芋煮会 響け毒芋 腐れ胃袋 捻れ啼泣,avtr_b2f6d421-51f8-4ba7-b598-85a343dac02d,https://vrchat.com/home/avatar/avtr_b2f6d421-51f8-4ba7-b598-85a343dac02d,Good,,,,,,,,
257,にしきあなご君,,02/08/2025,栬くん。,ニシキアナゴ,,avtr_44c3cd9c-f4be-4a1e-877b-73726b387333,https://vrchat.com/home/avatar/avtr_44c3cd9c-f4be-4a1e-877b-73726b387333,Excellent,,,,,,,,
258,おたま こどもの日エディション,,05/05/2025,Numabot,オタマジャクシ,ご がつ ごにぢ ぃ,avtr_20c095ea-766e-4b78-b1d3-af5f73371364,https://vrchat.com/home/avatar/avtr_20c095ea-766e-4b78-b1d3-af5f73371364,Excellent,,,,,,,,
259,ホヤヘッド,,05/05/2025,huyumusi,ホヤ,ホヤヘッドです。,avtr_0fb6ae40-cf48-4c75-abaa-fbdb1a0b329e,https://vrchat.com/home/avatar/avtr_0fb6ae40-cf48-4c75-abaa-fbdb1a0b329e,Medium,,,,,,,,
260,かめびと,,05/05/2025,甘水あみ,ウンキュウ、ワニガメ、リクガメ、マタマタ、ウミガメ、オサガメ、すっぽん,かめひなた,avtr_1126da48-3b91-4778-990c-a0784c8ba623,https://vrchat.com/home/avatar/avtr_1126da48-3b91-4778-990c-a0784c8ba623,Good,,,,,,,,
261,サザエヘッド,,05/05/2025,teramo,サザエ,ってことは・・・？,avtr_6f7e4d0c-99f9-443b-a675-c98f055a965e,https://vrchat.com/home/avatar/avtr_6f7e4d0c-99f9-443b-a675-c98f055a965e,Good,,,,,,,,
262,シン金魚ヘッドちゃん,,05/04/2025,AoNeco 青猫,キンギョ,金魚ヘッドちゃんのpublicがうまく更新できないので生み出されたシン金魚ヘッドちゃん。子どもの日用ののぼりがちょっと変わりました。あとPC PoorだったのをPC Mediumにしていますが右手メニューが少なくなりました,avtr_56087b15-46d1-4f73-9c11-a5a1369e9437,https://vrchat.com/home/avatar/avtr_56087b15-46d1-4f73-9c11-a5a1369e9437,Medium,,,,,,,,
263,哺乳類,,05/10/2025,甘水あみ,マンボウ、哺乳類,全哺乳類をサポート,avtr_5be8726c-bbd7-4abb-8074-d37ca13b5a56,https://vrchat.com/home/avatar/avtr_5be8726c-bbd7-4abb-8074-d37ca13b5a56,Good,,,,,,,,
264,おたまらいだー,,04/02/2025,Numabot,オタマジャクシ、dog,inu,avtr_5af4782e-8b50-4d83-9a34-87f93f82866a,https://vrchat.com/home/avatar/avtr_5af4782e-8b50-4d83-9a34-87f93f82866a,Good,,,,,,,,
265,kigurumiokashirakun,,05/05/2025,葱 potipoti93,マグロ、Akyo,,avtr_70171281-584d-4036-9f2d-040493b699aa,https://vrchat.com/home/avatar/avtr_70171281-584d-4036-9f2d-040493b699aa,Medium,,,,,,,,
266,メカシーラカンス２,,05/12/2025,ニグレド,シーラカンス,シーラカンス男に破壊された両腕を強化した大宇宙ブラックホール第三惑星人の切り札とは特になんの関係もない。,avtr_907f9ce2-61be-49d6-87b5-d59a0b954731,https://vrchat.com/home/avatar/avtr_907f9ce2-61be-49d6-87b5-d59a0b954731,Medium,,,,,,,,
267,メカシーラカンス男,,,ニグレド,シーラカンス,ブラックホール第3惑星人の操る地球征服計画の切り札であり、地球の鋼鉄の10倍もの強度を持つ虹色に輝く磁石に吸い寄せられる性質を持つ宇宙金属スペースチタニウムを原料に、地球最強の生物シーラカンスをモデルとして徹底的に生態を分析・研究して開発した機械怪獣。,avtr_6bb4633a-da07-4672-9f8a-8bb61796bff1,https://vrchat.com/home/avatar/avtr_6bb4633a-da07-4672-9f8a-8bb61796bff1,Poor,,,,,,,,
268,,,,,,,,,,,,,,,,,
269,,,,,,,,,,,,,,,,,
270,マエフラシマン,,,ジョン,,アメフラシ,,,,,,,,,,,
